User_Name,Number_Of_Friends,Number_Of_Followers,Status
Shally Nagfase,1000,36,1
Maheshwari Bawankule,200,28,1
Akshata Udapurkar,300,56,1
Monika dalal,145,85,1
Sumit Tabhane,600,1,0
Tejas mankar,800,65,0
Himanshi Kawade,230,45,0
Ayushi Latkar,245,15,0
Srushti Hanwate,567,54,1
Disha Mohatkar,243,54,0
Sanika Nimbalkar,30,56,1
Shreya Tiwari,459,85,0
Ruchika Fulzele,452,25,1
Khushi Chaudhary,482,12,0
Vedanti Wadbudhe,756,63,1
Abhay Biswas,123,15,0
Chaitanya Bodhle,578,78,0
Shailesh Appa,453,96,1
Mahesh Narule,4788,35,0
Anoushq Tapnikar,889,12,1
Bhavesh Thombre,785,78,0
Kunal Appa,456,25,0
Lokesh Mendke,753,35,1
Nirbhay Mehre,789,127,0
Arya Aswale,548,75,1
Kartik Doye,589,15,0
Aryan Chaudhary,457,25,1
Rajesh Dandwe,236,85,0
Swaraj Balsaraf,787,46,1
Samyak Fate,658,75,0
Pranav Pimpalkar,475,71,1
Sahil Khandait,659,86,0
Rohan Chauhan,789,73,1
Ojaswini Tapase,258,30,0
Harshada Nagpure,321,20,1
Harshita Gajbhiye,756,10,0
Sakshi Hazare,302,48,1
Akshata Gedam,105,69,0
Prachi Kale,850,48,1
Tanushree Dhole,789,78,0
Manvita Jain,454,45,1
Tanu Patil,789,56,0
Janhvi Nagotra,656,47,1
Karunesh Swamy,595,63,0
Pratham Lute,52,48,1
Prathamesh Wankhede,159,145,0
Adhokshaj Patki,458,77,1
Abhishek Raut,785,78,0
Kuldeep Soni,324,70,1
Jatin Deshmukh,684,45,0
Aashay Kale,684,26,1
Hemant Turkar,698,28,0
Kalyani Pendke,195,30,1
Ravi Asati,126,32,0
Rishikesh Panchbudhe,345,34,1
Rishi Patil,322,36,0
Rohit Jaiswal,544,38,1
Lokesh Dehariya,688,39,0
Rishab Kotpalliwar,366,30,0
Akshat Kotpalliwar,265,43,1
Muneeb Akhtar,655,44,0
Chetna Pancheshwar,566,46,1
Yash Bawankar,216,78,0
Harshada Bawankar,465,41,1
Deep Bahe,166,58,0
Shubhanshu Bahe,656,57,1
Sumit Roy,963,59,0
Ranbir Kapoor,987,54,1
Salman Khan,963,54,0
Disha Joshi,942,155,1
Akshay Kumar,962,45,0
Lata Mangeshkar,348,15,1
Saniya Nehwal,695,156,0
Virat Kohli,256,620,1
Saniya Mirza,273,6264,0
Alia Bhatt,281,403,1
M. S. Dhoni,964,44,0
Moni Roy,586,46,1
Neha Kakkar,324,45,0
Tony Kakkar,556,15,0
Sachin Mane,545,415,0
Kartik Aryan,752,156,1
Sara Khan,702,78,1
Sarika Mane,360,94,1
Sakshi kareja,148,899,1
Swejal Harode,216,12,1
Sakshi Paidalwar,268,1132,0
Amiksha Indurkar,267,1223,0
Pravin Jaiswal,264,1254,1
Harpreet Kaur,263,1236,0
Sakshi Raheja,265,21,0
Khushi Jaiswal,890,132,1
Katrina kaif,664,31,1
Vicky Koshal,448,323,0
Rohanpreet Singh,991,11,1
Anushka Sharma,996,13,1
Ritu Kumar,235,321,0
Ritika kaushal,594,164,0
Sanjeev Kapoor,521,984,1
Daksh Raut,345,456,0
Riyansh Parate,987,233,0
Rishank Shahu,567,214,1
Soham Parate,987,455,0
Devansh Jagmeshwar,578,658,0
Advya  Khobragade,5567,453,0
Purvesh Binekar,2456,123,1
Ansh Rajpole,890,533,1
Avnam  Hedau,675,67,0
Nirved  Ninave,248,90,1
Prince  Dhamgaye,358,348,0
Parshad  Udapure,257,567,1
Yash  Jabhulkar,865,135,1
Aryan  Gulbase,245,398,1
Durgesh  Bawane,1375,340,1
Devanshu  Jaritkar,356,70,0
Shumail  Sayyad,798,90,0
Agastya  Tule,568,478,1
Rutvik  Meshram,904,375,0
Aadarsh  Kolhatkar,245,467,1
Ritu Kumar,2475,230,0
Ankush Solanki,356,566,0
Rajendra Intankr,976,209,0
Sharmili Raje,457,409,1
Sudarshan Chauhan,245,56,1
Rohit Devikar,407,350,0
Hemraj Kavade,248,306,0
Arvind Bajaj,1507,206,1
Vijay Dhakate,1256,150,0
Devuchand Gahlod,296,504,1
Sachin  Munne,985,450,0
Prashant Kadav,597,280,0
Vishwnath Barde,380,450,1
Manoj Burde,480,137,1
Moreshwar Nimje,363,103,1
Yogesh Dhok,742,642,0
Shashbaz Patel,872,79,0
Swapnil Mahajan,425,327,1
Rahul Bawane,357,157,1
Lakshman Waghmare,257,733,0
Priya  Binekar,870,135,1
Kavya  Jagmeshwar,372,618,0
Vaibhavi  Pannase,191,321,1
Vaishnavi  Dhale,104,270,0
Manyta Parate,186,522,1
Kavya  Sonsare,218,328,0
Isha  Meshram ,195,622,1
Akshara Sahare,188,823,0
Manvi Akare,329,235,1
Ojaswi  Bambale,211,529,0
Shushmita Walde,217,420,0
Arushi  Sahare,908,634,1
Ayurvi  Ramteke,380,430,1
Anushka  Talhar,390,320,1
Nisha  Shende,469,850,0
Janvi  Akare,111,264,0
Shikha  Bhagat,638,58,0
Lawanaya  Goswami,392,200,1
Purvi  Sayame,772,30,0
Ashrita  Tirpude,102,90,1
Kavya  Deshpande,899,15,0
Krutika  Uikey,211,18,1
Hruta Durgule,254,17,1
Prateek shah,257,19,1
Pawan Shahu,878,18,0
Om Mohne,353,16,0
Vaishnavi Shobhane,278,20,1
Megha Selwatkar,954,20,0
Sejal Meshram,253,22,1
Vanshika Kadu,399,23,0
Rupali Itankar,240,30,0
Sejal Patil,348,32,1
Khushi Bante ,382,32,1
Khushbu Bhende,242,37,0
Sanika Tekade,21252,35,0
Simran Bhagat,230,40,0
Ruchika Natiye,351,38,1
Muskan Tiwari,213,36,1
Aditya Manwatakr,618,38,1
Preet Tiwari,404,37,0
Yash Girde,172,40,1
Utkarsh Sahare,229,39,0
Sachi Jain,860,67,1
Prachiti Chandekar,236,83,0
Tanvi Dongre,100,28,1
Avantika Raut,35,39,0
Sahil Belsare,257,88,1
Pinki Umredkar,2098,40,1
Ayush Patil,653,140,1
Bhushan Meshram,436,69,0
Ashok Dalal,369,190,0
Vanita Kamble,593,142,0
Pranali Bhange,75,12,1
Nayan Raut,358,412,1
Rohit Gawande,457,107,1
Rupesh Pande,643,143,0
Sujal Kanfade,235,214,1
Nilesh Mehar,832,512,0
Tashu Narad,532,13,1
Bhavika Hemnani,242,10,0
Diksha Gokhale,134,170,1
Priya Pardhi,231,120,0
Garvit Meshram,421,100,1
Madhuri Dixit,124,110,1
Manas Rege,234,60,1
Amit Sahu,453,98,1
Samir Joshi,245,234,0
Varsha Tendolkar,43,80,0
Taniya Chandrate,865,96,0
Gauri Chanore,1577,84,1
Mangesh Nipane,432,46,0
Nikita Umredkar,854,56,1
Tejaswini Barde,346,75,1
Nishat Zade,456,50,0
Mukta Barve,3544,82,0
Ritesh Deshmuk,234,78,0
Anushri Parkhi,676,116,0
Prabha Bende,230,57,1
Bharti Shende,434,97,1
Prajkta Shival,606,92,1
Dipali Dhote,139,68,0
Sanjay Marodkar,975,35,1
Pradip Bibate,335,75,0
Mahek Bamniya,236,125,1
Pooja Lanjewar,198,35,0
Nidhi Mehar,129,654,1
Khushi Daduriya ,123,233,0
Bhargavi Madkwade,573,221,0
Ashok Shete,234,80,0
Bhushan Mahajan,265,58,0
Himanshu Roy,470,307,1
Rupali Kelkar,234,136,1
Neha Dorle,765,95,1
Hiteshi Chaturvedi,865,72,1
Revti Dubey,383,261,0
Harsha Ahirkar,138,41,0
Ketki Jain,345,403,1
kalyani Lede,234,156,1
Mahesh Sultane,123,3467,0
Meena Paunikar,864,713,1
Neha Kale,497,68,0
Pankaj Ghoradkar,580,35,1
Prabhakar Maske,234,52,0
Prity Dubey,764,75,1
Priyanshu Gharat,259,64,1
Rahul Parshivnikar,236,46,1
Rohit Dinda,234,97,0
Rishika Mohadikar,65,57,0
Sejal Nagose,346,45,1
Shraddha Shingare,579,44,1
Rohit Shrivastav,120,34,0
Tejas Dalwani,122,92,1
Aditya Thakre,564,63,0
Vidisha Khandale,304,71,0
Yogesh Katre,667,70,1
Hemraj Singh,277,15,1
 Sudarshan Yadav,249,18,1
Ramamrao Hedau,646,17,1
Prashant Ninave,358,19,0
Bhojraj Mantri,124,18,0
Yogesh Gandhi,324,16,1
Saroj Naydu,1209,20,1
Ramdas Pokhra,235,20,1
Anmol Kaner,554,22,0
Vaidehi Inamdar,863,23,0
Avinash Fate,954,30,1
Ashu Bhagat,347,32,0
Rakshit Kale,233,32,0
Anand Gupta,543,37,1
Bharat Bhujade,234,35,1
Anushka Sen,866,40,0
Ashish Bobade,537,38,1
Rashtrapal Yadav,234,36,0
Tarachand Vasvani,96,38,1
Ashwajit Aakre,458,37,0
Shubhash Raje,533,40,1
Anushka Sharma,321,39,0
Aashta Umredkar,307,78,1
Pari Velekar,1046,46,0
Mishti Nipane,206,75,0
Kiyan Joshi,373,33,0
Smit Meshram,753,46,0
Himesh Tiwade,234,97,1
Imran Hashmi,567,76,1
Sara Khan,234,43,0
Ajay Devgan,156,234,0
Kajol Jambhulkar,348,34,1
Sneha Waghmare,234,65,1
Sumit Sonar,756,89,1
Mrudula Nimbrate,234,40,1
Hrutuja Durbule,236,39,1
Mansi Bite,212,54,0
Meera Modi,236,34,0
Sadhna Naik,124,134,0
Saloni Moon,654,105,1
khushi Gupta,334,40,0
Sapna Bamniya,123,398,1
Vikram Landar,743,31,1
Nitin Gadkari,267,48,1
Devendra Fadanvis,754,50,1
Veena Urkude,445,234,1
Amol Ukunde,258,13,0
Riya Lanjewar,127,46,0
Amitabh Bacchan,530,76,1
Mahi Rege,347,65,1
Mohit Shobhane,149,62,0
Suresh Dalal,450,43,1
Rudra Barapatre,243,60,0
Ashvini Narekar,234,56,0
Ananya Lothe,679,59,1
Sakshi Khapre,359,51,1
Rajvi Nalvale,36,142,1
Guddu Thubrikar,98,201,1
Shushat Rajput,234,25,0
Nishat Avasthi,653,31,0
Rohini Bawankar,345,60,0
Megha Hedge,234,57,0
Shubhangi Kadam,760,90,1
Aarti Jhakotiya,345,126,1
Sarva Patel,234,323,1
Rekha Vaidya,765,45,0
Vidya Balan,760,91,0
Anil Kapoor,565,34,0
Priyanka Chopda,965,72,1
Dipika Padukon,1235,82,1
Shreya Upadhay,350,80,0
Jeet Masram,348,86,1
Lucky Nimje,239,40,0
Roshan Nirmal,465,49,1
Abhishek Saonerkar,670,57,0
Rajesh Sawarkar,456,61,1
Nakul Wanere,440,69,0
Atul Atkare,240,52,1
Hemat Atkari,237,129,1
Santosh Barewar,1249,120,1
Manasvi Borkar,238,158,1
Prachi Kakde,644,29,0
Mrunali Kapse,643,30,0
Shrutika Khapre,234,36,0
Aslesha Mohadikar,456,53,1
Suhani Rangari,987,74,1
Samiksha Sarode,560,324,0
Siddiqui Jainab,533,11,0
Jeetendra Badgayya,356,120,1
Rushabh Binekar,350,349,1
Prajwal Bokde,459,234,0
Anil Choudhary,640,53,0
Vishal Jodh,456,76,1
Kunal Dhakate,345,34,1
Prashant Gondane,123,340,1
Krishna Hare,2345,23,0
Shailesh Hirekhan,456,64,0
Yash Kawale,950,89,1
Shubhash Badhekar,458,90,1
Harshal Kohle,345,32,0
Divyanshu Moundekar,239,71,0
Sheshrao Pahade,345,74,1
Abhinav Thul,1234,78,1
Abhiman Apte,643,923,1
Harsheet Nandanwar,345,44,0
Hitesh Lokhande,345,23,0
Parth Rarokar,135,76,0
Shravan Wasule,345,15,0
Sonam Chopade,654,85,1
Rashmi Jain,350,211,1
Ashvini Tarar,860,24,1
Nikita Jamgade,45,68,1
Tushar Rahate,450,23,0
Kapil Panchbudhe,5454,87,0
Kaustubh Khadgi,453,56,0
Vinod Janbandhu,123,26,1
Nandu Mattami,547,129,1
Mohini wankar,456,130,0
Sanjana Suryawanshi,876,127,0
Tushar Bais,546,765,1
Yamini Girdkar,987,323,1
Urwashi Kature,455,124,0
Vilas Jambhore,780,297,0
Ishika Selukar,670,56,1
Fakira Pimplikar,468,234,0
Jethalal Gadha ,354,76,1
Tarak Mehta,2445,99,0
Poptalal Pande,354,55,1
Anjali Mehta,890,78,0
Babita Iyer,565,234,1
Roshan Sodhi,456,349,0
Madhvi Bhide,345,238,1
Sonalika Joshi,130,445,0
Aatmaram Bhide,656,67,1
Varun Dhawan ,559,45,0
Purab Darda,459,97,1
Ksthitij Katore,350,67,0
Pranil Raul,1234,30,0
Khushi Tirpude,548,504,0
Sanskruti sashtri,2345,49,0
Umair Ahmed,54,56,1
Rahul Raut,456,70,1
sujal Kamble,3456,175,0
Nikhil Sakhre,234,106,0
Prabal Tiwari,65,197,1
Pranav Pratik,456,45,1
Vipin Amnerkar,567,87,1
Dilip Shribhate,346,98,1
Swaraj Zende,997,23,0
Pushpak Chimurkar,670,27,0
Soyog Ramteke,134,56,0
Nihal Bhaisare,554,33,1
Prathmesh Dorkhande,455,59,1
Neha Wankhede,130,50,1
Vijaya Kambale,3457,89,0
Ashish Nanotkar,867,13,0
Komal Parate,3454,142,1
Ashish Golghate,135,135,1
Atharv Bhamkar,340,45,0
Pranay Dolas,459,765,0
Athang patil,679,346,1
Sakshi hajare,245,976,1
Asheer Ansari,570,24,0
Yashroon Sahare,348,20,0
Ruchita kumbhare,445,289,1
Vaishnavi Rehmatakr,135,326,0
Premlata Sonewane,680,234,0
Tawhid Syed,568,248,1
Adarsh Mishra,345,124,1
Ruchit Prasad,458,539,1
Abhishek Kushwaha,246,345,1
Dhruv Chandel,676,757,0
Aman Bhimte,458,351,0
Mrudula Khobragade,235,678,0
sunil katade,246,354,1
Dhanshree Ikhar,359,129,1
Vaibhav Dadus,459,124,1
Ayush Gaikwad,345,130,0
Bhagyashri balpade,560,245,0
Rutuja Dhoble,56,139,1
Chetan Dhange,90,234,1
Khushi Barole,35,45,0
sarvesh pahune,654,97,0
Ankit Tiwade,780,67,1
Ganesh Dani,865,34,1
Uday kaple,976,140,0
Rani Shende,567,46,0
Harshad Thakre,876,41,0
Geeta Arora,345,59,0
Ekta Jaiswal,870,30,1
Namrata Huria,234,38,1
Ratna Chandekar,787,28,1
Romsha Lall,853,109,1
Seema Agrwal,467,369,1
Swati rajgure,987,78,1
Vandana Bandge,459,96,1
Teju Shivhare,559,34,1
Ajay Dange,460,67,1
Anuj Jat,4556,86,0
Archana Helonde,233,30,0
Manisha Bansod,340,138,0
Gajanan  Tangle,566,234,0
Girish Kusrey,676,450,0
Harshdeep Saini,567,57,1
Hira Wakodikar,988,23,1
Jaya Ambhore,244,75,0
jyoti Sathe,132,81,0
kajal Gurbani,248,93,1
Kishor Gonnade,345,60,1
komal Sadhwani,357,35,0
Kundan Sharma,569,67,0
lata Patode,450,54,1
Manda Bele,578,87,1
Madhuri Kalpande,670,98,0
Aradhita Bhalla,465,68,0
Daksha Taori,687,67,1
Arpit Gupta,908,54,1
Naresh Bhatiya,246,43,0
Neelima Tatke,270,41,0
Neena Mandloi,359,76,1
Nikita Khiche,48,23,1
Nishita Narnaware,148,134,0
nitu Mazumdar,357,39,0
Oscar Anthony,758,45,1
Poonam Harde,246,130,0
Priya Sinha,460,34,0
Rahul Jawade,248,45,0
Ratna Khadge,1345,76,1
Rekha Nanda,246,90,1
Rekha Sonekar,3455,45,1
Roshni Premani,467,130,1
Sonali Zunke,780,244,0
Roshni Talmale,680,545,0
sagar Pradhan ,672,230,1
mayuri Getme,69,34,1
Leena Anturkar,890,545,0
Santosh More,775,57,0
Sarika Pande,564,75,1
Seema Meshram,766,54,1
Sharda Pandhare,733,42,0
Shobha Mogha,243,51,0
Shruti Dipani,239,34,1
Smita Samarth,132,32,1
Shweta Sherekar,235,54,0
Sunanda Walimbe,765,48,0
Sweety Trehan,130,50,1
Vanita Chore,127,43,1
Veena Kalpalliwar,230,65,0
Yash Wanjari,137,21,0
John Smith,23,1000,1
Jane Doe,12,200,1
Michael Johnson,456,300,0
Emily Brown,32,145,0
David Wilson,356,600,1
Lisa Taylor,23,800,1
Daniel Martinez,556,230,0
Sarah Anderson,21,245,0
Christopher Thomas,67,567,0
Kimberly Garcia,823,243,0
William Hernandez,678,30,1
Melissa Lopez,2334,459,0
Richard Perez,7668,452,1
Jessica Gonzalez,342,482,0
Matthew Wilson,756,756,1
Amanda Martinez,43,123,1
James Johnson,5,578,1
Laura Brown,56,453,0
Daniel Smith,32,4788,0
Jennifer Davis,46,889,1
Michael Garcia,56,785,1
Amy Hernandez,67,456,0
Christopher Rodriguez,5433,753,0
Jessica Martinez,45,789,0
David Wilson,67,548,1
Sarah Smith,899,589,1
Matthew Johnson,243,457,0
Emily Davis,900,236,1
Daniel Wilson,1000,787,1
Jennifer Martinez,213,658,1
Michael Smith,43,475,1
Jessica Johnson,65,659,0
David Brown,76,789,0
Sarah Garcia,231,258,0
Matthew Hernandez,56,321,0
Emily Rodriguez,57656,756,0
Daniel Davis,32,302,1
Jennifer Smith,546,105,1
Michael Johnson,32,850,1
Jessica Martinez,5446,789,0
David Wilson,23,454,0
Sarah Johnson,153,789,0
Matthew Garcia,45,656,1
Emily Brown,32,595,1
Daniel Hernandez,1213,52,0
Jennifer Davis,34,159,0
Michael Martinez,3312,458,1
Jessica Wilson,4565,785,1
David Rodriguez,32,324,0
Sarah Gonzalez,456,684,0
Matthew Smith,324,684,0
Emily Johnson,36,698,0
Daniel Brown,53,195,0
Jennifer Hernandez,65,126,1
Michael Davis,723,345,1
Jessica Smith,546,322,1
David Martinez,321,544,1
Sarah Johnson,543,688,1
Matthew Garcia,76,366,1
Emily Brown,132,265,1
Daniel Hernandez,567,655,1
Jennifer Davis,234,566,1
Michael Martinez,42,216,1
Jessica Wilson,765,465,1
David Rodriguez,32,166,0
Sarah Gonzalez,567,656,0
Matthew Smith,89,963,0
Emily Johnson,56,987,0
Daniel Brown,980,963,1
Jennifer Hernandez,35,942,1
Camila Wood,78,962,0
Alexander Thompson,53,348,1
Liam Taylor,564,695,1
Evelyn Jenkins,234,256,1
Michael Jackson,4093,273,1
Chloe Moore,435,281,1
Nicholas Clark,675,964,1
Olivia Richardson,234,586,0
Aiden Rivera,876,324,0
Harper Turner,32,556,0
Madison Lee,476,545,0
Carter Hall,231,752,0
Mia Thomas,657,702,0
Lucas Evans,87,360,0
Abigail Bailey,32,148,0
Joseph Diaz,657,216,0
William Walker,32,268,0
Andrew Anderson,65,267,1
Sophia King,234,264,1
Avery Gonzalez,675,263,1
Lily Davis,35,265,1
Scarlett Cooper,243,890,1
Grace Reed,657,664,0
Matthew Johnson,53,448,0
Jackson Baker,657,991,0
Ella Martinez,52,996,1
Henry Perez,56,235,1
Ava White,453,594,1
Gabriel Miller,67,521,0
Mia Brown,234,345,0
Layla Garcia,678,987,0
Emma Stewart,24,567,1
Daniel Adams,768,987,1
Logan Smith,32,578,1
James Harris,1,5567,0
Benjamin Martin,1000,2456,0
Elijah Robinson,200,890,0
Zoey Hayes,300,675,1
Samuel Phillips,145,248,1
Emily Williams,600,358,1
Sofia Lewis,800,257,0
Amelia Young,230,865,0
Charlotte Wilson,245,245,0
Jack Scott,567,1375,0
Noah Parker,243,356,1
David Rodriguez,30,798,1
Aria Nelson,459,568,1
Ethan Carter,452,904,1
Oliver Green,482,245,0
Harper Jones,756,2475,0
David Martin,123,356,0
Avery Green,578,976,0
Aiden Wood,453,457,1
Jackson Anderson,4788,245,1
Scarlett Lee,889,407,1
Lucas Johnson,785,248,1
Madison Davis,456,1507,1
Nicholas Jones,753,1256,1
Evelyn Stewart,789,296,1
Benjamin Richardson,548,985,1
Charlotte Walker,589,597,1
Samuel Scott,457,380,1
William Rodriguez,236,480,1
Emily Carter,787,363,1
Carter Hall,658,742,1
Alexander Moore,475,872,1
Emma Wilson,659,425,0
Mia Young,789,357,0
Aria Evans,258,257,0
Layla Phillips,321,870,0
Matthew Lewis,756,372,0
Noah Jenkins,302,191,0
Camila Hayes,105,104,0
Logan Turner,850,186,0
Lily Miller,789,218,0
Mia Perez,454,195,0
Zoey Rivera,789,188,0
Sophia King,656,329,0
Grace Cooper,595,211,1
Chloe Williams,52,217,1
Ella Bailey,159,908,1
Harper Nelson,458,380,1
Henry Baker,785,390,1
Andrew Gonzalez,324,469,1
Amelia Harris,684,111,1
Abigail Robinson,684,638,1
Harper Jackson,698,392,0
Michael White,195,772,1
Daniel Brown,126,102,0
Elijah Thomas,345,899,1
Liam Thompson,322,211,0
Joseph Martinez,544,254,1
James Taylor,688,257,0
Ava Clark,366,878,1
Gabriel Diaz,265,353,0
Oliver Parker,655,278,1
Olivia Smith,566,954,1
Ethan Adams,216,253,1
Sofia Garcia,465,399,1
Jack Reed,166,240,1
Henry Gonzalez,656,348,1
Jackson Johnson,963,382,1
William Richardson,987,242,1
Gabriel Wilson,963,21252,0
Ava Walker,942,230,0
Harper Bailey,962,351,0
Alexander Clark,348,213,0
Michael Evans,695,618,0
Zoey Jenkins,256,404,0
Liam Taylor,273,172,0
Camila Rivera,281,229,1
Jack Garcia,964,860,1
Joseph Parker,586,236,0
Abigail Thomas,324,100,1
Sophia Carter,556,35,1
Layla Jackson,545,257,1
Mia Smith,752,2098,1
Sofia Nelson,702,653,1
Elijah Williams,360,436,1
Charlotte Baker,148,369,1
Benjamin Green,216,593,1
Matthew Miller,268,75,1
Ella Stewart,267,358,0
Emily Moore,264,457,0
Noah Martinez,263,643,0
Grace Hall,265,235,0
Logan Brown,890,832,0
Lily Davis,664,532,0
Amelia Jones,448,242,0
Carter Wood,991,134,0
Emma Reed,996,231,1
Harper Diaz,235,421,1
Daniel Lee,594,124,1
David Adams,521,234,0
James Scott,345,453,0
Chloe Anderson,987,245,0
Oliver Turner,567,43,1
Scarlett Cooper,987,865,1
Mia Young,578,1577,0
Olivia White,5567,432,0
Lucas Hayes,2456,854,1
Aria King,890,346,1
Madison Harris,675,456,0
Aiden Thompson,248,3544,0
Andrew Phillips,358,234,1
Evelyn Robinson,257,676,1
Avery Lewis,865,230,0
Ethan Martin,245,434,0
Nicholas Rodriguez,1375,606,1
Samuel Perez,356,139,1
Emily Lee,798,975,0
camila wood,568,335,1
Mithilesh Jaiswal,904,236,1
Sunita Nagfase,245,198,1
Vanilla Jaiswal,2475,129,1
Ujjwal Nagfase,356,123,0
Rohit Shakha,976,573,0
Dolly Mane,457,234,0
Shailesh Jaiswal,245,265,0
Scarlet Wood,407,470,1
Sakshi jain,248,234,0
Mahesh Deshmukh,1507,765,1
Jasmi Neil,1256,865,0
Virat Chawan,296,383,1
Tanu Hari,985,138,0
harpreet Singh,597,345,1
Lokesha Hanwate,380,234,0
Bharat Bhujade,480,123,0
Maruti Waghmare,363,864,1
Naisa Kaif,742,497,0
Ananya Lothe,872,580,1
Chaitanya dhole,425,234,0
Kashish Lute,357,764,0
Dashmika kani,257,259,1
Lata Dhanu,870,236,0
Chandni Mule,372,234,1
Kaushal Lama,191,65,0
Paridhi,104,346,1
Nancy,186,579,0
Reena Tiwari,218,120,1
Kanish Deshmukh,195,264,0
Henry,188,263,1
Ronaldo Disuz,329,265,0
Nita Ambani,211,890,1
Radhika Merchant,217,664,0
Anant Ambani,908,448,1
Akash Ambani,380,991,0
Anaya Kanel,390,996,1
Shloka Ambani,469,235,0
Nisha Mohatkar,111,594,1
Lata Dhole,638,521,0
Pooja Jasmin,392,345,1
jasmin Bhanu,772,987,0
Natasha Tapse,102,567,1
Joy Athawale,899,987,0
Faisal Khan,211,578,1
Sheefa Khan,254,5567,0
Shaifu,257,2456,1
Sumaiya Khan,878,890,0
Yushra Khan,353,675,1
Mahevish Khan,278,248,0
Nidhi Dongre,954,358,1
Adeebur Rehman,253,257,0
Dipesh Jaiswal,399,865,1
Gurujot Kaur,240,245,0
Amanpreet Kaur,348,1375,1
Madiha Khan,382,356,0
Rishika Jaiswal,242,798,1
Rohini Bawankar,21252,568,0
Amin Anjum,230,904,0
Rahul Jaiswal,351,245,1
Piyush Nagfase,213,2475,0
Kasak Nagfase,618,356,1
Ayush Nagfase,404,976,0
Manish Barange,172,457,1
Dipali Nagphase,229,245,0
Sachin Mane,860,407,1
Akshta Gedy,236,248,0
Padmavati Gaikwad,100,1507,1
Noor Rehman,35,1256,0
Deepti Gadbudhe,257,296,1
Natasha Agrawal,2098,985,0
swaraj zaid,653,597,1
Urooj Bakhtiyar,436,380,0
Tanu Dhole,369,480,1
Akshata Jain,593,363,0
Renuka Man,75,742,1
Kashim SK,358,872,0
Lokesh Mehra,457,425,1
BhagyashriBela,643,357,0
Albina Ekka,235,257,0
Vijay Gurwani,832,870,0
Salman Sheikh,532,372,1
Prathmesh Joshi,242,264,1
Sarang Nakad,134,263,1
Sagar Rajput,231,265,1
Abhijeet Sarkar,421,890,1
Nayaab Fatima,124,664,0
Nashra Fatima,234,448,0
Yogesh Shinde,453,991,1
Ayush Laly,245,996,0
Roshni Pillay,43,235,0
Sahil Sontakke,865,594,1
Prasad Mangalkar,1577,521,1
Nikhil Sakhi,432,345,0
Ayush Kelwadkar,854,987,1
Shreya joshi,346,567,1
Kuldeep Sontakke,456,987,0
Rikka ,3544,578,0
Ayesha Anjum,234,5567,1
Sejal Hanwate,676,2456,0
Khushi Barude,230,890,0
Tejas Joshi,434,675,1
Aditya Dwivedi,606,248,0
Priyanshu Solanki,139,358,0
Harshita Sakhare,975,257,0
Shrutika Jaiswal,335,865,1
Afifa Zareen,236,245,1
Sans Lute,198,1375,0
Sruusshhh_,129,356,1
Rahu Jain,123,798,0
Sonu Sahare,573,568,1
Radheshyam Mane,234,904,1
Akash Mane,265,245,1
Pritam Mane,470,2475,1
Uzman Ansari,234,356,0
Ayaan Ansari,765,976,0
Nitiksha Gupta,865,457,1
Ayat Khan,383,245,0
Neha Rangari,138,407,1
Akhilesh Panchmale,345,248,0
Radhika reddy,234,1507,0
Aarohi Jais,123,1256,0
Afsar Khan,864,296,1
Santosh Ghorde,497,985,1
Vijay Kawre,580,597,0
Sheekayana,234,380,0
Ganesh Khaire,764,480,1
Yashi Peter,259,363,0
Vaidahi Kumbhare,236,742,1
Dikshita Kawre,234,872,0
Piyush Ingole,65,425,0
Rup Gangshettiwar,346,357,1
Prakash Bhai,579,257,1
Mirza khan,120,870,1
ashwajit Khobragade,798,372,0
Harshal Thakre,568,257,0
Vivek Matre,904,865,1
Simran Ingole,245,245,1
Harsh Dhanfole,2475,1375,0
Deep baheshwar,356,356,1
Tabbu Chaudhary,976,798,0
Shekhar Chaudhary,457,568,1
Mahi Baheshwar,245,904,0
Kunal Hardwani,407,245,1
Sakshi Hardwani,248,2475,0
Vidisha Bhoyar,1507,356,1
nancy Tiwari,1256,976,0
sana khan,296,457,1
Moti Jhake,985,245,1
Frances Gullefant,597,407,0
Harcourt Zoanetti,380,248,1
Washington Oxteby,480,1507,0
Rafe Duffitt,363,1256,0
Tris Bent,742,296,0
Kassie Elman,872,985,0
Elbertina Hewins,4875,597,1
Garland Chuney,123,380,1
Caroljean Bischop,345,480,1
Delmor McKleod,765,363,1
Julee O'Gavin,21,432,1
Jaye Gribbon,213,53,1
Brodie Dobrowski,78,13,0
Sibylla Kemet,576,8475,0
Quintilla Hourston,213,312,0
Maggi Simpson,67,536,1
Early Andrassy,123,654,1
Ettie Ruoff,100,213,1
Bogey McReath,56731,234,1
Sephira Philippart,324,657,1
Charles Sandison,76,87,1
Zora Keelin,45,12,1
Lillis Dewhurst,132,565,0
Luz Gudgeon,432,876,0
Abigale Morgan,53,23,0
Minette Muzzillo,13,675,0
Nanon FitzGilbert,8475,231,0
Ginelle Olver,312,65,1
Tricia Kinnie,536,32,1
Kristoforo Burnell,654,456,1
Dulsea Pendry,213,423,1
Alberik Jacques,234,67,1
Banky Falla,657,342,1
Ganny Crampsy,87,456,0
Shari Adrienne,12,8897,0
Charo Aisbett,565,243,0
Francyne Hagergham,876,35,0
Lindsay Bubb,23,543,0
Roobbie Pickervance,675,345,0
Erminia Lummasana,231,546,1
Ariel Pittendreigh,65,76,1
Rudie Tomsen,32,867234,1
Alric Scrane,456,543,1
Eyde Djurevic,423,567,0
Hubey Wartonby,67,324,0
Cirstoforo Jemmett,342,129,0
Elijah Goalby,456,67,0
Thaddus Seeley,8897,34,0
Brody Rebichon,243,512,0
Eartha Boner,35,213,0
Loralee Shivell,543,342,0
Zacherie Tigner,345,54,0
Madelena Pinnock,546,234,0
Mira Beddows,76,223,0
Giralda Gebby,867234,324,0
Shelagh Washington,543,87,1
Janeczka Caze,567,978,1
Angie Francklin,324,35,1
Anna-maria McPeice,129,124,1
Jude Traise,67,43,1
Evangeline Dillingham,34,978,0
Patti Gocher,512,435,0
Cora Buggs,213,890,0
Othella Kindle,342,123,1
Sheppard Withull,54,876,1
Llewellyn Pablos,234,345,1
Lurleen Swadden,223,76,0
Ardith Bunting,324,98,0
Wylie Gramer,87,324,0
Bat Pond,978,67,1
Frances Gullefant,35,342,1
Harcourt Zoanetti,124,65,1
Washington Oxteby,43,32,0
Rafe Duffitt,978,576,0
Tris Bent,435,12322,0
Kassie Elman,890,564,1
Elbertina Hewins,123,123,1
Garland Chuney,876,56,0
Caroljean Bischop,345,47,0
Delmor McKleod,76,425,1
Julee O'Gavin,98,3676,1
Jaye Gribbon,324,46,0
Brodie Dobrowski,67,768,0
Sibylla Kemet,342,231,0
Quintilla Hourston,65,547,1
Maggi Simpson,32,32,0
Early Andrassy,576,67,0
Ettie Ruoff,12322,890,1
Bogey McReath,564,4546,1
Sephira Philippart,123,987,0
Charles Sandison,56,56,0
Zora Keelin,47,24342,1
Lillis Dewhurst,425,697,1
Luz Gudgeon,3676,435,0
Abigale Morgan,46,687,0
Minette Muzzillo,768,298,1
Nanon FitzGilbert,231,324,1
Ginelle Olver,547,76,0
Tricia Kinnie,32,13,0
Kristoforo Burnell,67,54,0
Dulsea Pendry,890,685,1
Alberik Jacques,4546,90,1
Banky Falla,987,213,0
Ganny Crampsy,56,300,0
Shari Adrienne,24342,200,1
Charo Aisbett,697,400,1
Francyne Hagergham,435,500,0
Lindsay Bubb,687,600,0
Roobbie Pickervance,298,7000,1
Erminia Lummasana,324,80,1
Ariel Pittendreigh,76,567,0
Rudie Tomsen,13,900,0
Alric Scrane,54,345,1
Eyde Djurevic,685,987,1
Hubey Wartonby,90,1000,0
Cirstoforo Jemmett,213,13,0
Elijah Goalby,300,54,1
Thaddus Seeley,200,685,1
Brody Rebichon,400,90,0
Eartha Boner,500,213,0
Loralee Shivell,600,300,1
Zacherie Tigner,7000,200,1
Madelena Pinnock,80,400,1
Mira Beddows,567,500,1
Giralda Gebby,900,600,1
Shelagh Washington,345,780,1
Janeczka Caze,987,324,0
Angie Francklin,1000,436,0
Anna-maria McPeice,90,87324,0
Jude Traise,435,64,0
Evangeline Dillingham,67,432,0
Patti Gocher,32,767,1
Cora Buggs,546,643,1
Othella Kindle,231,658,1
Sheppard Withull,657,1322,1
Llewellyn Pablos,234,678,1
Lurleen Swadden,65,6324,0
Ardith Bunting,713,2136,0
Wylie Gramer,546,4243,0
Bat Pond,324,635,0
John Doe,85,90,1
Jane Smith,92,94,1
Michael Johnson,78,80,1
Emily Brown,90,88,1
Daniel Martinez,75,77,0
Sarah Wilson,88,86,0
David Garcia,82,84,0
Jessica Lee,95,96,0
Matthew Davis,79,78,1
Jennifer Rodriguez,87,85,1
Andrew Taylor,83,82,1
Amanda Hernandez,91,90,0
Christopher Clark,76,75,0
Elizabeth Martinez,89,88,0
William Anderson,80,79,1
Sophia Thomas,94,95,1
James White,77,76,1
Olivia Taylor,86,84,0
Benjamin Wilson,92,93,0
Emma Garcia,78,77,0
Alexander Davis,85,87,1
Mia Moore,93,92,1
Ethan Jackson,81,80,1
Isabella Brown,87,85,0
Noah Taylor,79,78,0
Abigail Johnson,90,89,0
Logan Martinez,82,83,1
Avery Clark,88,87,1
Jacob Thompson,76,75,0
Samantha Harris,89,88,0
Nicolas Otamendi,123,87324,0
Marcos Acuna,56,64,1
Nicolas Tagliafico,47,432,1
German Pezzella,425,767,1
Nahuel Molina,3676,643,0
Gonzalo Montiel,46,658,0
Juan Foyth,768,1322,0
Cristian Romero,231,678,1
Lisandro Martinez,547,6324,1
Leandro Paredes,32,2136,1
Rodrigo De Paul,67,4243,0
Guido Rodriguez,890,635,0
Exequiel Palacios,4546,90,0
Alexis Mac Allister,987,94,1
Enzo Fernandez,56,80,1
Alejandro Gomez,24342,88,1
Lionel Messi,697,77,0
Lautaro Martinez,435,86,0
Paulo Dybala,687,84,0
Thiago Almada,298,96,1
Julian Alvarez,324,78,1
Angel Di Maria,76,85,1
Angel Correa,13,82,0
Emiliano Martinez,54,90,0
Franco Armani,685,75,0
Geronimo Rulli,90,88,1
John Smith,213,79,1
Emily Johnson,56,95,1
Michael Williams,32,76,1
Sarah Brown,433256,84,0
David Jones,312,32,0
Jennifer Martinez,32984,576,0
Daniel Anderson,351,12322,0
Jessica Wilson,456,564,0
Matthew Taylor,5234,123,0
Emma Garcia,3425,56,0
Christopher Rodriguez,34,47,1
Olivia Hernandez,32,425,1
James Martinez,723,3676,1
Sophia Thompson,4321,46,1
David Lopez,567,768,1
Isabella Perez,2314,231,1
Daniel Scott,65,547,0
Amelia Moore,234,32,0
Michael Wilson,67,67,0
Mia Taylor,423,890,0
Ethan Harris,57,4546,0
Ava Martin,24441,987,1
Alexander King,4636,56,1
Chloe Lee,57,24342,1
William White,543,697,1
Abigail Allen,353,435,1
Ryan Hall,563,687,1
Harper Young,34,298,1
Benjamin Hernandez,361,324,1
Evelyn Garcia,3950,76,1
Lucas Martinez,32784,13,0
Zoe Scott,5324,54,0
Aiden Adams,234,685,0
Nora Wood,456,90,0
Jackson Mitchell,786,213,0
Leah Price,32,300,0
Logan Carter,568,200,1
Avery Cooper,35,400,1
Henry Rivera,67,500,1
Ella Richardson,345,600,1
David Perez,123,7000,1
Scarlett Ross,67,80,0
Jack Ward,865,567,0
Lily Morris,3645,900,0
Lucas Baker,87,345,0
Sophia Foster,353,847,0
Kiyara Adwani,149,535,0
Sunil Shetty,64546,354,0
Aalia Bhatt,359,243,0
Anil Ambani,576,978,1
Aishwaraya Roy,889,45,1
Ranbir kapoor ,358,345,1
Karina Kapoor,986,867,1
Rakulpreet singh,235,213,1
Gaurav Malankar,456,245,0
Prasad Joshi,765,987,1
Vanita Dalal,1364,90,0
Chetan Vadnere,3560,689,1
Ranbir Singh,245,789,0
Moni Roy,654,546,1
Akshay Kumar,987,98,0
Anushka Umredkar,234,456,0
Ankita Lokhande,450,87,1
Tanishka Bansod,345,1334,1
Palash Bedi,767,564,1
saloni Thakur,456,7676,0
Keyuri Varma,76,257,1
Omkar Sharma,1240,456,0
Gunjan Bhanarkar,356,345,1
Alisha Pantanwane,5678,980,0
Pratiksha warghane,356,1246,1
Krutika Bopche,876,456,0
Guido van Russum,577,987,1
Rakesh Jadhav,456,578,1
Chaitali Parkhi,359,868,0
Kapil Sharma,2443,780,1
Bharti sen,67899,46,0
Nick shinde,1457,98,0
Dronald Trump,7989,78,0
Kalpana Chawala,3454,234,0
Arya Bharne,876,679,1
Raha Kapoor,455,1367,1
Taimur Khan,988,348,1
Asha Bhosale,234,234,0
Mohmaad Rafi,350,468,0
Sanjay Badjate,90,679,1
Pankaj thote,558,795,1
akshay puram,354,4565,1
Swapnil Mahatre,768,348,0
Ganesh Sable,989,98,0
Nikita Sule,678,457,1
Adhvik Mahajn,789,876,0
Natasha Gandhi,234,2344,1
Adwait Dadarkar,134,465,1
Jatin Wagle,987,896,0
Anushka Rawat,456,467,0
Chaitrali Gupte,98,776,1
Angle Roman,56,457,1
Gabriel Macht,345,239,0
Britany williams,456,1345,0
Sunil Rajni,67,545,1
Sunny Bakshi,89,535,1
Sameer Joshi,422,560,0
Tanmayee Manohar,1357,245,0
Jarrad Merlo,765,456,1
Karishma Mehta,456,890,1
Neha Paksha,350,80,1
Lalit Prabhakar,79,57,1
Karan Johar,479,59,0
avinash Tiwary,467,234,0
Ranjani Kanth,2340,89,1
Rashmika Madana,345,45,1
Samantha Guru,876,67,1
Guru Randhwa,567,234,0
Priyanka Ambade,672,34,0
Sejal Bosale,823,78,0
Shreya Ghosal,745,459,1
Nitin Munne,915,723,1
prateek Chaudhari,3876,733,1
Aarti Shukla,4086,621,1
Falguni Kalambe,358,246,1
sarthak yadav,467,340,0
Anouqsh tapnikar,723,89,0
Prachi Kale,812,65,1
Karan Bawangrah,534,45,1
Murtaza Ali,732,311,1
Parveen Bakali,943,421,0
Sonu Nigam,425,4123,0
Kriti Sonan,789,765,1
Neeta Ambani,334,923,1
Ishika rawat,2983,647,0
Dinky Shahu,3086,345,0
Meghna Tangdi,349,657,1
Rajiv Gawande,562,23,1
William Shakspeear,1248,75,1
Sidharth Malhotra,466,757,1
Prassana Lohe,924,80,0
Nilay Ghaisas,356,98,0
Ketki Shah,624,76,0
Shilpa Shetty,750,54,0
Neha Tittarmare,3549,43,1
Ashwini Yewlekar,456,723,1
Ritik Malviya,675,625,1
Pradunya Sonewane,245,457,0
Ankush Gupta,7432,923,0
Himanshu Shrivastav,239,3313,0
Sagar Bokde,457,137,1
Dimple Girde,865,427,1
Tajaswini Patle,346,357,1
Yash Pokhra,852,932,1
Harsh Mohadikar,564,643,0
Devanshu Dhoble,755,648,0
Neha Musale,325,665,0
Yash Virulkar,438,567,1
Nivedita Basu,678,245,1
Jim Sarbh,45,64,1
Shalini shah,90,638,0
Jitin Gulati,64,249,0
Wamiqa Gabbi,76,678,0
Manav Manglani,98,348,1
Diksha Khatri,326,67,1
Binita Das,2456,3568,1
Jaya Saha,679,89,0
Ganesh Parab,676,65,0
Smita Patil,434,86,1
Carleigh Bodrug,764,456,1
Mahima Dhoot,890,435,0
Prateek Singh,245,876,0
Shivani Likhar,457,246,1
Priya Patodia,978,1470,1
Payal daga,249,4268,0
Anjari Ganguly,306,356,0
Netti Jain,577,935,1
Aditi Rai,742,472,1
Tom Hiddleston,753,395,0
Udayan adhye,834,2913,0
Vyom Charaya,623,425,1
Sarthak Ahuja,833,149,1
Sundar Pichai,823,5338,1
Sanjyot Keer,643,2556,0
Nishant Bhat,712,1075,0
Sneha Singh,424,462,1
Apurwa Agrwal,434,683,1
Vicky Sidana,522,357,0
Suvrat Joshi,734,841,0
Anad Ahuja,933,561,1
Prakash Bavdankar,643,492,1
Shraddha Shelar,853,1073,1
Hassan Choudhury,324,2076,1
Nirmika Singh,424,537,0
Naren Kumar,645,723,0
Rishi Mehta,853,731,0
Libit Deluish,755,349,0
Simon Baker,1375,4013,1
Kishori Sahane,355,643,1
Prachi Jain,923,148,1
Ayushi Sahu,98,357,0
Kedar Shinde,53,5467,0
Arti More,75,243,1
Gauri Nalavade,264,1605,1
Siddhartha Khosla,374,345,0
Reema Vengurlekar,485,712,1
Harshit Mhatre,596,1480,0
Mandy Moore,634,638,1
Swapnil Joshi,823,355,0
Parag Mehta,522,133,1
Lior Raz,400,359,0
Kshitija Ghosalkar,356,486,0
Sajiri Deshpande,507,512,1
Ranjit Gugle,432,429,1
Varun Narvekar,694,2069,1
Vallari Viraj,503,485,1
Shalin bhanot,386,603,0
George kunnapally,421,523,0
apoorva Ranjankar,723,78,1
Ankit Siwach,348,56,1
Panchami Gharvi,263,35,0
Uday Berry,695,87,0
Sachin Naarkar,375,274,0
Sanjay Chhabria,409,390,0
Deeti Mehta,1296,587,1
Anurag Singh,2354,508,1
Rupllaxmi Shinde,649,589,1
Reena Madhurkar,467,532,0
sharvari Kulkarni,148,674,0
Ajinkya Raut,759,135,1
Nirvik Ghosh,357,642,1
Alok Khurana,647,413,1
Lawrence Dcunha,357,376,1
Rashika Chavan,3456,412,1
Akshad Pawar,65,769,0
Sagar Bora,56,53,0
Prathmesh Parab,90,65,0
Pratap Phad,87,2133,0
Laukik Joshi,65,973,0
Nachiket Lele,33,844,1
Sanika Ratnaparkhi,54,723,1
Jay Shetty,67,634,0
Bhakti asani,123,622,0
Sharvari Durgule,345,846,1
shubham Bargaje,670,347,1
Sai Gharpure,642,485,1
Vidhi Patel,723,2098,0
Neelima Kulkarni,503,347,0
Revati Lele,706,286,1
Aashay Ranade,235,496,1
Trushala Nayak,89,4576,1
Atharv Gondhali,56,456,0
Swarupa Ranade,43,350,0
Seema Phad,76,396,0
Meghna Jadhav,315,527,1
Vinod Sarode,246,647,1
Chetan Chitnis,563,784,1
Pornima Nair,236,614,0
Mennal Jangir,864,534,0
Pralhad Maralihalli,643,512,1
Sanaya zohrabi,874,744,1
Rucha Inamdar,340,752,0
Sarag Sathaye,325,35,0
Amit Yashwant,357,89,0
Dulquer Salman,1583,67,0
Vijay Deverkonda,885,54,0
Radhika Vidyasagar,923,62,1
Anupama Chopra,634,90,1
Raveena Kadam,346,687,1
Nishi Godbole,78,342,1
Vikram Patwardhan,90,636,1
Ashutosh Gokhale,4387,23,0
Kalyani Pathare,65,53,0
Tejas Tilak,98,32,0
sarika Bhange,87,244,0
Avinash Gowarikar,65,647,1
Mukesh Manekar,83,369,1
Himalay Patkar,764,1444,1
Rohan Shinde,823,4546,0
Nadita Bargaje,924,2568,0
Aishwaraya Amin,623,3687,0
Pooja Kulkarni,523,1456,1
Veda Moore,684,865,1
Tejas Barve,352,674,1
Siddhi Subhash,425,346,1
advait Kadne,415,563,0
Shubhankar tawade,846,987,0
Mrunmai Jadhav,329,435,0
Sojal Sawant,4674,723,1
Neha Bhatt,9675,634,1
Bhushan Gavas,440,543,0
Mithila Palkar,425,6456,0
Nikhil Harwande,545,747,1
Samantha Ruth,71,358,1
Rajkum Rao,45,636,0
Hrithik Roshan,86,964,0
Mugda Shah,90,825,1
mahesh Kale,326,636,0
Sayali sanjeev,764,735,0
Jennifer Winget,464,735,1
Amey Wagh,726,523,1
Sonali Kulkarni,316,51,0
Amit Yashwant,677,78,0
Ravi Jadhav,426,90,0
Rohit Reddy,632,76,1
Renuka Shanahe,532,54,1
John Smith,490,76,0
Emily Johnson,578,65,0
Michael Brown,5458,42,1
Sarah Davis,246,76,1
David Wilson,435,43,0
 Jennifer Martinez,745,478,1
James Taylor,245,836,1
Jessica Garcia,250,247,1
Robert Rodriguez,538,54,0
Samantha Lee,973,556,0
Ricky Ponting,644,737,0
 Brian Lara,25,245,1
Jacques Kallis,644,274,1
Shane Warne,98,488,0
Wasim Akram,56,274,0
Muttiah Muralitharan,45,58,0
AB de Villiers,40,64,1
 Steve Smith,58,526,1
Albert Einstein ,62,355,1
Leonardo da Vinci ,314,167,0
Marie Curie ,1636,3636,0
Nelson Mandela,426,538,1
Oprah Winfrey,636,316,1
Mahatma Gandhi,836,514,0
Steve Jobs,266,846,0
Amelia Earhart ,659,260,1
Martin Luther ,156,414,1
Barack Obama,857,735,0
 Angela Merkel,2506,352,0
Narendra Modi,425,173,0
Justin Trudeau,646,837,1
 Boris Johnson,466,316,1
Emmanuel Macron,958,27,1
Xi Jinping,959,275,1
Vladimir Putin,961,112,0
Joe Biden,962,113,0
 Kamala Harris,963,114,1
Sai Tamhankar,964,115,1
 Amruta Khanvilkar,965,116,0
Tejaswini Pandit,966,117,0
Mukta Barve,967,118,1
Priya Bapat,971,119,1
Spruha Joshi,972,121,0
Mrunmayee Deshpande,973,122,0
Radhika Apte,974,123,1
Pooja Sawant,975,124,1
Nayanthara,976,125,1
Samantha Akkineni,977,126,0
Anushka Shetty,978,127,1
Kajal Aggarwal,979,128,1
Tamannaah Bhatia,981,129,0
 Trisha Krishnan,982,131,0
Shruti Haasan,983,132,0
Hansika Motwani,984,133,1
Prabhas,985,134,1
Keerthy Suresh,986,135,0
Neeru Bajwa,987,136,0
 Sonam Bajwa,988,137,1
Sargun Mehta,989,138,1
Simi Chahal,991,139,1
Mandy Takhar,992,141,1
Mahie Gill,993,142,1
Surveen Chawla,994,143,0
Kulraj Randhawa,995,144,0
Himanshi Khurana,996,145,0
Shehnaaz Gill,997,146,1
Johnson,7667,147,1
Jason Statham,547,148,0
Arnold Schwarzenegger,45,149,0
Terry Crews,106,151,0
Chuck Norris,206,152,0
Carl Weathers,306,153,0
Vin Diesel,406,154,1
Vinnie Jones,506,155,1
Dave Bautista,606,156,1
Michael Jordan ,706,157,0
Kamal Haasan,806,158,0
Vijay,906,159,1
Ajith Kumar,116,161,1
Suriya,216,162,1
Mahesh Babu,316,163,1
Diljit Dosanjh,416,164,1
Gippy Grewal,516,165,0
Amrinder Gill,616,166,0
Jimmy Sheirgill,716,167,0
Binnu Dhillon,816,168,1
Parmish Verma,916,169,1
Harbhajan Mann,126,171,1
 Babbu Maan,226,172,0
Jaswinder Bhalla,326,173,0
Yograj Singh,426,174,1
Mohnish Dalal,526,175,1
Tom Hanks,626,176,1
Meryl Streep,726,177,1
Denzel Washington,826,178,1
Leonardo DiCaprio,926,179,1
Jennifer Lawrence,136,181,1
Brad Pitt,236,182,0
Charlize Theron,336,183,0
Robert De Niro,436,184,0
Nicole Kidman,536,185,0
 Johnny Depp,636,186,0
A. K. Hangal,736,187,0
Aamir Bashir,836,188,0
Aamir Khan,936,189,0
Aanjjan Srivastav,146,191,1
Aasif Sheikh,246,192,1
Abhi Bhattacharya,346,193,0
Abhijeet Sawant,446,194,0
Abhimanyu Dassani,546,195,1
Abhimanyu Singh,646,196,1
Abhinav Shukla,746,197,0
Abhishek Bachchan,846,198,0
Abhay Deol,946,199,1
Abhay Shukla,156,211,1
Achyut Potdar,256,212,0
Adi Irani,356,213,0
Adil Hussain,456,214,1
Aditya Kumar,556,215,1
Aditya Lakhia,656,216,0
Aditya Roy Kapur,756,217,0
Aditya Seal,856,218,1
Aditya Shrivastava,956,219,1
Aftab Shivdasani,166,221,1
Agha,266,222,1
Ahan Shetty,366,223,0
Ajay Devgan,466,224,0
Ajay Nagrath,566,225,1
Ajit,666,226,1
Ajith Kumar,766,227,0
Ajinkya Deo,866,228,0
Akash Khurana,966,229,1
Akbar Khan,176,231,1
Akhilendra Mishra,276,232,0
Akshay Anand,376,233,0
Akshay Kumar[1],476,234,1
Akshaye Khanna,576,235,1
Ali Asgar,676,236,1
Ali Fazal,776,237,1
Alok Nath,876,238,1
Aman Verma,976,239,0
Amar Upadhyay,186,241,0
Amit Mistry,286,242,0
Amit Sadh,386,243,1
Amit Varma,486,244,1
Amitabh Bachchan,586,245,1
Amjad Khan,686,246,0
Amol Palekar,786,247,0
Amrinder Gill,886,248,0
Amrish Puri,986,249,1
Amrit Pal,196,251,1
Anand Abhyankar,296,252,1
Anand Tiwari,396,253,0
Anant Jog,496,254,0
Baba Sehgal,596,255,0
Baburaj,696,256,0
Bal Dhuri,796,257,0
Balraj Sahni,896,258,1
Barun Sobti,996,259,1
Benjamin Gilani,156,261,1
Bhagwan Dada,342,262,1
Bharat Bhushan,983,263,1
Bharat Kapoor,434,264,1
Anant Mahadevan,566,265,0
Anant Nag,674,266,0
Anang Desai,297,267,0
Angad Bedi,308,268,0
Anil Kapoor,999,269,0
Anil Dhawan,108,271,0
Aniruddh Dave,794,272,0
Ankit Mohan,870,273,1
Ankit Gupta,214,274,1
Ankush Hazra,464,275,1
Annu Kapoor,542,276,1
Anoop Kumar,637,277,0
Anup Soni,748,278,0
Anup Upadhyay,873,279,1
Anupam Kher,174,281,1
Anwar Hussain,255,282,0
Aparshakti Khurana,374,283,0
Apurva Agnihotri,452,284,1
Arbaaz Khan,515,285,1
Arfi Lamba,629,286,0
Arif Zakaria,705,287,0
Arjun,200,288,1
Arjun Kapoor,879,289,1
Arjun Rampal,971,291,0
Armaan Kohli,104,292,0
Arshad Warsi,370,293,1
Arun Bakshi,411,294,1
Arun Bali,597,295,0
Arun Govil,681,296,0
Arunoday Singh,735,297,1
Arya Babbar,827,298,1
Aryan Vaid,914,299,0
Arvind Trivedi,145,311,0
Aseem Merchant,243,312,1
Ashish Vidyarthi,651,313,1
Ashmit Patel,783,314,0
Ashok Banthia,130,315,0
Ashok Kumar,131,316,1
Ashok Saraf,132,317,1
Ashutosh Gowariker,133,318,0
Ashutosh Rana,134,319,0
Asif Basra,135,321,1
Asit Sen,136,322,1
Asrani,137,323,0
Atul Agnihotri,138,324,0
Atul Kulkarni,139,325,1
Avinash Tiwary,250,326,1
Avinash Wadhawan,251,327,1
Avtar Gill,252,328,1
Ayub Khan,253,329,1
Chaman Puri,254,331,1
Chandra Mohan,255,332,0
Chandrachur Singh,256,333,0
Chandrashekhar Dubey,257,334,0
Bhushan Tiwari,258,335,0
Bhupendra Jadawat,259,336,1
Biswajit Chatterjee,320,337,1
Bob Christo,321,338,1
Bobby Deol,322,339,1
Boloram Das,323,341,0
Boman Irani,324,342,0
Brijendrapal Singh,325,343,0
Chandrashekhar Vaidya,326,344,1
Charuhasan,327,345,1
Chetan Hansraj,328,346,0
Chunky Pandey,329,347,0
Dalip Tahil,440,348,1
Dan Dhanoa,441,349,1
Danny Denzongpa,442,351,1
Dara Singh,443,352,0
Darshan Jariwala,444,353,1
Darshan Kumar,445,354,0
Darsheel Safary,446,355,1
David Abraham Cheulkar,447,356,0
Daya Shankar Pandey,448,357,1
Dayanand Shetty,449,358,0
Deb Mukherjee,560,359,1
Deep Dhillon,561,361,0
Deepak Dobriyal,562,362,1
Deepak Jethi,563,363,0
Deepak Parashar,537,364,1
Deepak Shirke,538,365,0
Deepak Tijori,539,366,1
Dev Anand,540,367,1
Deven Bhojani,541,368,0
Deven Verma,569,369,0
Fahmaan Khan,610,371,1
Faisal Khan,611,372,1
Faraaz Khan,612,373,0
Fardeen Khan,613,374,0
Farhan Akhtar,614,375,1
Farooq Sheikh,615,376,1
Feroz Khan,616,377,0
Firoz Irani,617,378,0
Gajanan Jagirdar,618,379,1
Gajendra Chauhan,619,381,1
Edward Sonnenblick,780,382,0
Emraan Hashmi,781,383,0
Dharmendra,782,384,1
Dharmesh Yelande,783,385,1
Dheer Charan Srivastav,784,386,0
Dheeraj Kumar,785,387,0
Dhritiman Chatterjee,786,388,1
Dhumal,787,389,0
Dilip Dhawan,788,391,0
Dilip Joshi,789,392,1
Dilip Kumar,870,393,1
Dilip Prabhavalkar,871,394,0
Diljit Dosanjh,872,395,0
Dinesh Hingoo,873,396,1
Dinesh Kaushik,874,397,0
Dinesh Phadnis,875,398,0
Dino Morea,876,399,1
Dinyar Contractor,877,411,1
Divyendu Sharma,878,412,0
Diwakar Pundir,879,413,0
Dulquer Salmaan,990,414,1
Gajraj Rao,991,415,1
Ganesh Acharya,992,416,0
Gavin Packard,993,417,0
Ghanashyam Nayak,994,418,1
Gippy Grewal,995,419,1
Gireesh Sahdev,996,421,0
Giriraj Kabra,997,422,0
Girish Karnad,998,423,1
Girish Kumar,999,424,1
Goga Kapoor,515,425,0
Gope,516,426,0
Gopi Krishna,517,427,1
Govind Namdev,518,428,1
Govinda,519,429,0
Gufi Paintal,520,431,0
Gulshan Grover,521,432,1
Gurmeet Choudhary,522,433,1
Guru Dutt,523,434,0
Hari Shivdasani,524,435,0
Harindranath Chattopadhyay,926,436,1
Harish Kumar,927,437,0
Harish Patel,928,438,0
Harshad Chopda,929,439,0
Harman Baweja,930,441,0
Harsh Chhaya,931,442,1
Harshvardhan Kapoor,932,443,1
Harshvardhan Rane,933,444,1
Hemant Birje,934,445,0
Hemant Pandey,935,446,0
Himansh Kohli,237,447,1
Himanshu Malik,238,448,1
Himesh Reshammiya,239,449,0
Hiten Paintal,240,451,0
Hiten Kumar,241,452,1
Honey Singh,242,453,0
Hrithik Roshan,243,454,0
Hrishikesh Pandey,244,455,1
I. S. Johar,245,456,1
Iftekhar,246,457,0
Imran Khan,619,458,1
Irrfan Khan,620,459,1
Inaamulhaq,621,461,0
Inder Kumar,622,462,0
Indrajith Sukumaran,623,463,1
Indraneil Sengupta,624,464,1
Ishaan Khatter,625,465,0
Jack Gaud,626,466,0
Jackie Shroff,627,467,1
Jackky Bhagnani,628,468,1
Jagdeep,425,469,0
Jagdish Raj,426,471,0
Jaideep Ahlawat,427,472,1
Jamnadas Majethia,428,473,1
Jankidas,429,474,1
Jas Arora,430,475,0
Jassie Gill,431,476,0
Jatin Sarna,432,477,1
Javed Jaffrey,433,478,1
Javed Khan,434,479,0
Javed Khan Amrohi,132,481,0
Jayan,354,482,1
Jayasurya,576,483,1
Jay Bhanushali,312,484,0
Jay Mehta,285,485,0
Jayant Kripalani,513,486,1
Jeetendra,756,487,0
Jeevan,978,488,0
Joginder,735,489,1
Jim Sarbh,714,491,1
Jimmy Shergill,936,492,0
Jisshu Sengupta,264,493,0
Jitendra Kumar,486,494,1
John Abraham,687,495,1
Johnny Lever,915,496,0
Johnny Walker,243,497,0
Joy Mukherjee,645,498,0
Jugal Hansraj,624,499,1
Kabir Bedi,846,511,1
Kader Khan,201,512,0
Kamaal R. Khan,195,513,0
Kamal Haasan,174,514,1
Kamal Kapoor,603,515,1
Kanhaiyalal,825,516,0
Kanwaljit Singh,153,517,0
Kapil Sharma,375,518,1
Karan Grover,597,519,1
Karan Kapoor,798,521,1
Karan Kundrra,804,522,0
Karan Patel,396,523,0
Karan Singh Grover,402,524,1
Karan Wahi,423,525,1
Karanvir Bohra,867,526,0
Karmveer Choudhary,465,527,0
Kartik Aaryan,957,528,1
Kay Kay Menon,534,529,1
Keshto Mukherjee,466,531,10
Kharaj Mukherjee,684,532,0
Kiran Kumar,583,533,1
K. K. Goswami,27,534,1
K. K. Raina,133,535,0
K. L. Saigal,748,536,0
K. N. Singh,193,537,0
Krishan Dhawan,172,538,1
Krishna Bharadwaj,745,539,1
Krishan Kumar,894,541,0
Kuku Kohli,732,542,0
Kulbhushan Kharbanda,4151,543,0
Kumar Gaurav,914,544,1
Kumud Mishra,923,545,1
Kunal Goswami,239,546,0
Kunal Kapoor,7106,547,0
Kunal Kapoor,5120,548,1
Kunal Khemu,101,549,1
Kunchako Boban,253,551,0
Kushal Punjabi,200,552,0
Lakha Lakhwinder Singh,206,553,1
Lalit Tiwari,513,554,0
Laxmikant Berde,491,555,0
Lilliput,925,556,0
M. K. Raina,2310,557,0
Mac Mohan,206,558,1
Madan Jain,306,559,1
Madan Puri,406,561,1
Madhukar Toradmal,506,562,0
Mahavir Shah,606,563,0
Mahendra Sandhu,706,564,1
Mahesh Anand,806,566,1
Mahesh Manjrekar,906,567,0
Mahipal,116,568,0
Mamik Singh,216,5717,1
Mammootty,316,579,1
Manav Gohil,416,584,0
Manav Kaul,516,585,0
Manav Vij,616,586,0
Mangal Dhillon,716,587,0
Manik Irani,816,588,0
Maninder Singh,916,589,0
Manish Chaudhari,126,591,0
Manish Malhotra,226,592,1
Manish Paul,326,593,1
Manjot Singh,426,594,1
Manmohan,526,595,1
Manmohan Krishna,626,596,1
Manohar Singh,726,597,1
Manoj Bajpayee,826,598,0
Manoj Joshi,926,599,1
Manoj Kumar,136,611,0
Manoj Pahwa,236,612,0
Manoj Tiger,336,614,0
Manoj Tiwari,436,615,0
Moolchand,536,616,0
Marc Zuber,636,617,1
Mazhar Khan,736,618,1
Meezaan Jafri,836,619,0
Mehmood,936,621,0
Meiyang Chang,146,622,1
Milind Gawali,246,623,1
Milind Gunaji,346,624,0
Milind Soman,446,625,0
Mithun Chakraborty,546,626,1
Mohammed Zeeshan Ayyub,646,627,1
Mohan Agashe,746,628,0
Mohan Choti,846,629,0
Mohan Gokhale,946,631,1
Mohan Joshi,156,632,1
Mohan Kapur,256,633,0
Mohanlal,356,634,0
Mohan Raman,456,635,1
Mohit Ahlawat,556,636,1
Mohit Chadda,656,637,0
Mohit Marwah,756,638,0
Mohit Raina,856,641,1
Mohnish Bahl,956,642,1
Mohsin Khan,166,643,0
Motilal,266,644,0
Mudasir Zafar,366,645,1
Mukesh Batra,466,646,1
Mukesh Khanna,566,647,0
Mukesh Rawal,666,648,0
Mukesh Rishi,766,649,1
Mukesh Tiwari,866,651,1
Mukri,966,652,0
Mukul Chadda,176,653,0
Mukul Dev,276,654,1
Mulraj Rajda,376,655,1
Murad,476,656,0
Murali Sharma,576,657,0
Naga Chaitanya,676,658,1
Nagarjuna,776,659,1
Nana Palshikar,876,661,0
Nana Patekar,976,662,0
Narendra Nath,186,663,1
Naresh Kanodia,286,664,1
Naseeruddin Shah,386,665,0
Nassar,486,666,0
Naved Aslam,586,667,1
Naveen Polishetty,686,668,1
Navin Nischol,786,669,0
Nawazuddin Siddiqui,886,671,0
Nazir Hussain,986,672,1
Nazir Kashmiri,196,673,1
Neeraj Vora,296,674,0
Neil Nitin Mukesh,396,675,0
Nikesh Ram,496,676,0
Nikkhil Advani,596,677,1
Nilu Phule,696,678,1
Nimai Bali,796,679,1
Ninad Kamat,896,681,0
Nirmal Pandey,996,682,0
Nishikant Dixit,130,683,0
Nitish Bharadwaj,131,684,0
Nivin Pauly,132,685,0
Om Katare,133,686,1
Om Prakash,134,687,1
Om Puri,135,688,1
Om Shivpuri,136,689,0
Omi Vaidya,137,691,0
Paidi Jairaj,138,692,0
Paintal,139,693,1
Pankaj Berry,250,694,1
Pankaj Dheer,251,695,1
Pankaj Kapoor,252,696,0
Pankaj Tripathi,253,697,0
Parambrata Chatterjee,254,698,0
Paresh Ganatra,255,699,1
Paresh Rawal,256,711,1
Parikshat Sahni,257,712,1
Parmeet Sethi,258,713,0
Pavan Malhotra,259,714,0
Piyush Mishra,320,715,0
Prabhas,321,716,1
Prabhu Deva,322,717,0
Pradeep Kumar,323,718,0
Pradeep Rawat,324,719,0
Prakash Raj,325,721,1
Pran,326,722,1
Prateik Babbar,327,723,1
Pratik Gandhi,328,724,0
Praveen Kumar,329,725,0
Prem Chopra,440,726,0
Prem Kishen,441,727,1
Prem Nazir,442,728,1
Prem Nath,443,729,1
Prithviraj Kapoor,444,731,1
Prithviraj Sukumaran,445,732,0
Priyanshu Chatterjee,446,733,0
Priyank Tatariya,447,734,0
Priyanshu Painyuli,448,735,1
Pramod Chakravorty,449,736,1
Prosenjit Chatterjee,560,737,1
Pulkit Samrat,561,738,0
Puneet Issar,562,739,0
Punit Pathak,563,741,0
R. Madhavan,537,742,1
Raaj Kumar,538,743,1
Raghubir Yadav,539,744,1
Rahil Azam,540,745,0
Rahul Bose,541,746,0
Rahul Dev,569,747,0
Rahul Kumar,610,748,1
Rahul Roy,611,749,1
Rahul Singh,612,751,1
Raj Arjun,613,752,0
Raj Babbar,614,753,0
Raj Kapoor,615,754,0
Raj Kiran,616,755,1
Raj Kishore,617,756,1
Raj Mehra,618,757,0
Raj Zutshi,619,758,0
Raja Bundela,780,759,0
Rajan Sippy,781,761,1
Rajat Bedi,782,762,1
Rajat Kapoor,783,763,1
Rajeev Khandelwal,784,764,0
Rajeev Mehta,785,765,0
Rajendra Gupta,786,766,0
Rajendra Kumar,787,767,1
Rajendra Nath,788,768,0
Rajendranath Zutshi,789,769,0
Rajesh Khanna,870,771,0
Rajesh Khattar,871,772,1
Rajesh Khera,872,773,1
Rajesh Puri,873,774,1
Rajesh Sharma,874,775,0
Rajesh Vivek,875,776,0
Rajinikanth,876,777,1
Rajit Kapur,877,778,1
Rajkummar Rao,878,779,1
Rajneesh Duggal,879,781,0
Rajpal Yadav,990,782,0
Raju Kher,991,783,0
Raju Srivastav,992,784,1
Rakesh Bapat,993,785,1
Rakesh Bedi,994,786,0
Rakesh Roshan,995,787,1
Ramayan Tiwari,996,788,0
Ram Charan,997,789,0
Ram Kapoor,998,791,0
Ramkumar Bohra,999,792,1
Ramesh Deo,515,793,1
Ramesh Mehta,516,794,1
Rami Reddy,517,795,1
Rana Daggubati,518,796,0
Ranbir Kapoor,519,797,0
Randeep Hooda,520,798,0
Randhir,521,799,0
Randhir Kapoor,522,811,0
Ranjan,523,812,1
Ranjeet,524,813,1
Ranveer Singh,926,814,1
Ranvir Shorey,927,815,1
Rashid Khan,928,816,0
Rasik Dave,929,817,0
Ravi Kale,930,818,0
Ravi Kishan,931,819,0
Raza Murad,932,821,1
Razzak Khan,933,822,1
Rehman,934,823,0
Rishabh Shukla,935,824,0
Rishi Kapoor,237,825,1
Riteish Deshmukh,238,826,1
Rohan Mehra ,239,827,0
Saanand Verma,240,828,0
Rohit Roy,241,829,1
Rohit Saraf,242,831,1
Rohitash Gaud,243,832,0
Romesh Sharma,244,833,0
Ronit Roy,245,834,1
Roopesh Kumar,246,835,1
Sabyasachi Chakraborty,619,836,0
Sachin Khedekar,620,837,0
Sachin Pilgaonkar,621,838,1
Sachin Shroff,622,839,1
Sadashiv Amrapurkar,623,841,0
Saeed Jaffrey,624,842,0
Sahil Khan,625,843,0
Saif Ali Khan,626,844,1
Salim Ghouse,627,845,1
Salim Khan,628,846,0
Salman Khan,425,847,0
Salman Yusuff Khan,426,848,1
Sameer Dharmadhikari,427,849,1
Sameer Kevin Roy,428,851,0
Sanjay Dutt,429,852,0
Sanjay Kapoor,430,853,1
Sanjay Khan,431,854,1
Sanjay Mishra,432,855,0
Sanjay Suri,433,856,0
Sanjeev Kumar,434,857,1
Sanjeev Tyagi,25,858,1
Sapru,42,859,0
Sarath Babu,80,861,0
Sarfaraz Khan,325,862,1
Satish Kaul,442,863,1
Satish Kaushik,850,864,0
Satish Shah,3425,865,0
Satyen Kappu,5642,866,1
Saurabh Shukla,2080,867,1
Sayaji Shinde,97,868,0
Shaan,73,869,0
Shadaab Khan,31,871,1
Shafi Inamdar,987,872,1
Shah Rukh Khan,173,873,0
Shahbaz Khan,331,874,0
Shahid Kapoor,4097,875,1
Shaheer Sheikh,7330,876,0
Shakti Kapoor,5831,877,0
Shammi Kapoor,18,878,0
Shankar Nag,48,879,0
Sharad Kapoor,89,881,0
Sharad Kelkar,518,882,1
Sharat Saxena,348,883,1
Sharman Joshi,189,884,1
Shashi Kapoor,6018,885,1
Shatrughan Sinha,2148,886,1
Shavinder Mahal,2089,887,1
Sheikh Mukhtar,66,888,1
Shiney Ahuja,62,889,1
Shishir Sharma,24,891,0
Shiva Rindani,616,892,0
Shivaji Satam,162,893,0
Shreyas Talpade,704,894,1
Shriram Lagoo,3966,896,1
Shrivallabh Vyas,3662,897,0
Shyam,2024,898,0
Sid Makkar,47,899,1
Siddhant Chaturvedi,74,911,1
Siddharth,41,912,0
Siddharth Ray,447,913,0
Sidhant Gupta,574,914,1
Sidharth Malhotra,641,915,1
Sidharth Shukla,4047,916,0
Sikandar Kher,1974,917,0
Silambarasan,1641,918,1
Snehlata,15,919,1
Sohail Khan,53,921,0
Sonu Sood,84,922,0
Sooraj Pancholi,315,923,1
Subrat Dutta,203,924,1
Sudeep,284,925,0
Sudesh Berry,1115,926,0
Sudipto Balav,1653,927,1
Sudhanshu Pandey,3884,928,1
Sudhir,156,929,0
Sudhir Dalvi,342,931,0
Sudhir Pandey,983,932,1
Sujit Kumar,434,933,1
Sumeet Vyas,566,934,0
Sumeet Raghavan,674,935,0
Sunder,297,936,1
Suniel Shetty,308,937,1
Sunil Dutt,999,938,1
Sunil Grover,108,939,0
Sunil Lahri,794,941,0
Sunil Pal,870,942,1
Sunny Deol,214,943,1
Sunny Kaushal,464,944,0
Supriyo Dutta,542,945,0
Surendra,637,946,1
Surendra Pal,748,947,1
Suresh,873,948,0
Suresh Chatwal,174,949,0
Suresh Gopi,255,951,1
Suresh Oberoi,374,952,1
Suriya,452,953,0
Sushant Singh,515,954,0
Sushant Singh Rajput,629,955,1
Swapnil Joshi,705,956,1
